{
    "train_losses": [
        1.7931423998965836,
        1.2910992338446816,
        0.9844770903600923,
        0.7712475451988378,
        0.6397070166392206,
        0.5473449800768471,
        0.4790954064270032,
        0.4269388260325138,
        0.39240492982232666,
        0.34540164423973785,
        0.3127889502422085,
        0.28398491964380973,
        0.2574658706104992,
        0.22952900939432636,
        0.21743660522067637,
        0.1887806167672164,
        0.1779475783202213,
        0.16002348696871369,
        0.1505377458095381,
        0.1320639734827726,
        0.1291206735491413,
        0.1171712354993039,
        0.11851797845119084,
        0.1079068358594875,
        0.10189827352740992,
        0.09422278376641098,
        0.09142458896309218,
        0.08548080407486344,
        0.08136704072961183,
        0.07687334300806883
    ],
    "valid_losses": [
        1.4328861773014068,
        1.0876883164048194,
        1.0115582644939423,
        0.8033066511154173,
        0.5741205580532551,
        0.5905746594071387,
        0.4535679563879966,
        0.36760749593377107,
        0.3178559681400656,
        0.2519714956171811,
        0.25204723849892613,
        0.2940254274755716,
        0.17708556838333608,
        0.25478329695761204,
        0.18348043449223042,
        0.16607252079993481,
        0.1264644231647253,
        0.13223776933737097,
        0.14549570708768444,
        0.1723886675201357,
        0.11091952751157806,
        0.1600373046472669,
        0.11312528904527426,
        0.10900972419476603,
        0.11753897104499628,
        0.11309991876187267,
        0.10015712685708422,
        0.11189560731872916,
        0.10679652024991812,
        0.10553639216232112
    ],
    "train_accs": [
        0.35022702991453,
        0.5312499999999999,
        0.6495949074074073,
        0.7303685897435898,
        0.7757077991452986,
        0.8080929487179479,
        0.8334223646723633,
        0.8516737891737891,
        0.8633814102564111,
        0.8791176994302005,
        0.8905137108262103,
        0.9011529558404556,
        0.9098557692307686,
        0.9213630698005677,
        0.9245904558404546,
        0.9338274572649559,
        0.9370993589743578,
        0.9444444444444443,
        0.9464476495726504,
        0.9536591880341895,
        0.955684650997153,
        0.9593794515669539,
        0.9590678418803441,
        0.9628516737891769,
        0.9646100427350467,
        0.9672142094017135,
        0.9685051638176684,
        0.9709312678062724,
        0.9720441595441643,
        0.9735799501424552
    ],
    "valid_accs": [
        0.47773437500000004,
        0.6177734374999998,
        0.6585937500000001,
        0.7236328124999998,
        0.8025390624999998,
        0.8052734375000001,
        0.8390625,
        0.8697265625000004,
        0.890234375,
        0.9140624999999998,
        0.9138671875000001,
        0.8999999999999999,
        0.9445312499999998,
        0.9144531249999998,
        0.9390624999999998,
        0.9462890625000001,
        0.9605468750000002,
        0.9560546875000003,
        0.95546875,
        0.9476562500000002,
        0.968359375,
        0.9498046874999999,
        0.9658203124999999,
        0.967578125,
        0.9644531249999999,
        0.9642578125000001,
        0.9697265624999997,
        0.9638671875,
        0.9722656249999998,
        0.9712890624999999
    ],
    "test_loss": 0.5420637596634371,
    "test_acc": 0.8700553797468352
}