{
    "mlp_relu": {
        "train_losses": [
            1.792909394302261,
            1.5871623618650303,
            1.4940711185123843,
            1.433673931322886,
            1.391781964872638,
            1.3463650503729145,
            1.3178430204717526,
            1.2857544907817129,
            1.2598252992684345,
            1.220586171686818,
            1.2105029758564758,
            1.193343080516555,
            1.1715910477176352,
            1.1530165344561603,
            1.127122586608952,
            1.1123780265153302,
            1.0964802904346405,
            1.0830585387697251,
            1.0651162285410785,
            1.053069733486555,
            1.0294062705800737,
            1.0149724894439391,
            1.0084788415506691,
            0.9893933942175314,
            0.9755574320456233,
            0.9626049684663104,
            0.9492600083011503,
            0.9378315154303851,
            0.9272446313135305,
            0.9150013028726278
        ],
        "valid_losses": [
            1.6301803946495055,
            1.510385102033615,
            1.4166237264871593,
            1.3951428979635236,
            1.3332957684993747,
            1.3061114311218258,
            1.2629051238298412,
            1.2144658833742141,
            1.1824871450662613,
            1.1743005082011222,
            1.1427344426512718,
            1.1221009612083437,
            1.0948077514767645,
            1.0804239273071292,
            1.0662482351064682,
            1.031922109425068,
            1.020243200659752,
            1.0002906203269957,
            0.9829866781830788,
            0.9965777039527893,
            0.9110707819461823,
            0.8941919326782225,
            0.8919432535767554,
            0.9137886077165603,
            0.872046746313572,
            0.8573846161365511,
            0.829089015722275,
            0.835078579187393,
            0.826997622847557,
            0.7973931416869162
        ],
        "train_accs": [
            0.3617565883190877,
            0.43718839031339,
            0.4722667378917383,
            0.4925881410256406,
            0.5087918447293448,
            0.5246616809116812,
            0.5337873931623929,
            0.5448495370370374,
            0.5564013532763532,
            0.5671964031339026,
            0.5718482905982907,
            0.5792601495726489,
            0.583667200854701,
            0.5928374287749286,
            0.6009170227920224,
            0.6055466524216522,
            0.6124910968660968,
            0.6160968660968658,
            0.6229745370370366,
            0.6280270655270658,
            0.6370860042735045,
            0.6417601495726495,
            0.6423165954415947,
            0.6495726495726489,
            0.6542690527065526,
            0.6578525641025634,
            0.6663995726495718,
            0.6688256766381774,
            0.6735888532763535,
            0.6767939814814812
        ],
        "valid_accs": [
            0.421875,
            0.46953125,
            0.5033203124999999,
            0.500390625,
            0.51875,
            0.541796875,
            0.5648437499999999,
            0.5701171874999998,
            0.5789062499999997,
            0.5810546875000001,
            0.5939453124999998,
            0.5994140625000001,
            0.6072265625,
            0.628515625,
            0.6257812500000002,
            0.6291015625,
            0.6404296874999998,
            0.6445312499999999,
            0.6558593749999998,
            0.6470703124999999,
            0.6814453125000001,
            0.6927734375000002,
            0.6908203125000001,
            0.6773437500000001,
            0.7001953125,
            0.6994140624999999,
            0.7126953125,
            0.7125,
            0.7148437500000001,
            0.7242187499999999
        ],
        "test_loss": 1.2438095476053943,
        "test_acc": 0.5893987341772151
    },
    "mlp_sigmoid": {
        "train_losses": [
            1.924487560902566,
            1.7157810107934859,
            1.6302738352718513,
            1.5709345337332483,
            1.5343002692247047,
            1.4970953090917702,
            1.471897890425136,
            1.4462175983988672,
            1.427083657677698,
            1.4013131670123153,
            1.3848989702697487,
            1.3708681829294935,
            1.3515971168833236,
            1.331712572662919,
            1.3177854254035195,
            1.3068913547401744,
            1.2969455226534108,
            1.2767404124268098,
            1.2641397639896788,
            1.25495068571846,
            1.2420603458018724,
            1.2281339222888994,
            1.225394627137741,
            1.2179941762546531,
            1.1967957751703395,
            1.1900570390910512,
            1.1812671660697691,
            1.173476424991575,
            1.1709266934978995,
            1.1559209185108497
        ],
        "valid_losses": [
            1.7811365783214566,
            1.6464075535535811,
            1.5752175390720367,
            1.507981118559838,
            1.4865266442298883,
            1.453042599558831,
            1.4477887719869613,
            1.393019768595695,
            1.3945270657539368,
            1.3567249417304992,
            1.3565995126962662,
            1.3265002846717833,
            1.309400978684426,
            1.290224570035934,
            1.2758210718631744,
            1.2799771934747697,
            1.2694574147462845,
            1.2294569909572601,
            1.2379028111696242,
            1.2284543007612228,
            1.1946495980024339,
            1.1840638786554338,
            1.1854448691010477,
            1.1781794667243957,
            1.1665762707591056,
            1.159377658367157,
            1.1213363766670228,
            1.1219920143485065,
            1.1319676354527473,
            1.0912548080086706
        ],
        "train_accs": [
            0.30896100427350415,
            0.38606214387464344,
            0.41762375356125275,
            0.44008190883190873,
            0.45296919515669504,
            0.46957353988604006,
            0.47440349002849014,
            0.48617788461538464,
            0.49269943019943035,
            0.5010683760683764,
            0.5061876780626787,
            0.5134437321937325,
            0.5188523860398858,
            0.5253516737891736,
            0.5269319800569799,
            0.5335648148148148,
            0.5377938034188038,
            0.5454950142450145,
            0.5503027065527065,
            0.551860754985755,
            0.5575587606837604,
            0.5633903133903134,
            0.56332353988604,
            0.5660389957264956,
            0.5736289173789173,
            0.5744301994301997,
            0.5805956196581199,
            0.5814191595441595,
            0.583956552706553,
            0.5884303774928776
        ],
        "valid_accs": [
            0.3658203125000001,
            0.42460937500000007,
            0.4300781249999999,
            0.4720703125000001,
            0.48066406250000004,
            0.4923828125000001,
            0.48769531250000014,
            0.5140625,
            0.5121093750000002,
            0.5203125000000002,
            0.5263671875000001,
            0.5250000000000001,
            0.5396484375,
            0.5460937499999999,
            0.5462890625000001,
            0.5427734375,
            0.5474609374999999,
            0.5701171874999998,
            0.5546874999999999,
            0.555859375,
            0.5826171875,
            0.5863281249999999,
            0.5826171874999999,
            0.5802734374999999,
            0.5804687499999998,
            0.587890625,
            0.6023437500000001,
            0.5992187500000001,
            0.594140625,
            0.6220703124999999
        ],
        "test_loss": 1.3264660654188716,