{
    "train_losses": [
        1.6520441923386016,
        1.2506241219335803,
        1.0836664205602777,
        0.9656040648109889,
        0.8800223471432336,
        0.8129509909879788,
        0.7544907913078945,
        0.6995143175464756,
        0.6490136858744503,
        0.60358985375475,
        0.5598085986243354,
        0.5130407785588177,
        0.4679415341456051,
        0.4283091554529649,
        0.38210895233004843,
        0.34156981212461085,
        0.30523299661457026,
        0.26707427543282863,
        0.23954096712447986,
        0.22154849517209582,
        0.18949249976890375,
        0.18502299659527258,
        0.1593734607567474,
        0.15081365729159446,
        0.13956669552458667,
        0.1309905972469736,
        0.1273158831718216,
        0.12031214274572175,
        0.11057683893418374,
        0.10084415792866991
    ],
    "valid_losses": [
        1.357162308692932,
        1.1099132657051085,
        0.9759221613407133,
        0.8701516062021256,
        0.854330253601074,
        0.7920035406947137,
        0.6886154577136039,
        0.6229352012276649,
        0.5734359130263327,
        0.5279955960810184,
        0.5014543451368808,
        0.441133938729763,
        0.4062866121530533,
        0.34524527341127403,
        0.32163986414670953,
        0.2978337228298186,
        0.27300821729004393,
        0.23774888962507246,
        0.23313077557832007,
        0.24493799293413757,
        0.22112975614145397,
        0.1874880901712459,
        0.18439740575850014,
        0.19055643400643016,
        0.1684189504943788,
        0.16720841105561704,
        0.20189199391752483,
        0.15169177129864692,
        0.17132530035451057,
        0.17859515084419403
    ],
    "train_accs": [
        0.4015981125356124,
        0.5494346509971513,
        0.6132701210826209,
        0.6563167735042734,
        0.6908386752136751,
        0.711805555555555,
        0.7355546652421647,
        0.7526486823361822,
        0.7704104344729336,
        0.7856570512820504,
        0.8015491452991444,
        0.8195557336182324,
        0.833244301994302,
        0.847889957264956,
        0.8653178418803421,
        0.8774483618233619,
        0.8922275641025642,
        0.9046474358974356,
        0.9135060541310535,
        0.922097578347577,
        0.9329371438746417,
        0.9333377849002837,
        0.9442886396011393,
        0.9465589387464386,
        0.9519008190883199,
        0.9541043447293462,
        0.9553507834757848,
        0.957865918803421,
        0.961538461538464,
        0.9641203703703735
    ],
    "valid_accs": [
        0.5091796875,
        0.6083984375,
        0.6597656249999999,
        0.7052734374999999,
        0.6951171875000002,
        0.7263671875000002,
        0.7623046875000001,
        0.78203125,
        0.798046875,
        0.8195312499999997,
        0.8201171875000002,
        0.8421875,
        0.8582031250000001,
        0.880859375,
        0.8960937499999999,
        0.9011718750000001,
        0.9048828125000002,
        0.9171875000000002,
        0.9232421874999998,
        0.9201171874999999,
        0.9310546875,
        0.94296875,
        0.9421875000000001,
        0.9437500000000002,
        0.9529296875,
        0.9537109374999999,
        0.9388671874999999,
        0.9556640624999999,
        0.9523437499999999,
        0.9490234375000001
    ],
    "test_loss": 1.0807119819182385,
    "test_acc": 0.7474287974683543
}