{
    "train_losses": [
        1.5943384445630582,
        1.2209880698440423,
        1.076570908058743,
        0.9735304023805167,
        0.887194606653305,
        0.8158609829736911,
        0.7632129752737841,
        0.7084442484922214,
        0.6707433872243274,
        0.628301247572288,
        0.584596789970017,
        0.546049919393327,
        0.5050637243140457,
        0.46296230901000845,
        0.42804102871322897,
        0.39411646658368926,
        0.3515965513609069,
        0.32457283351496075,
        0.29823780497084995,
        0.26833606891312833,
        0.24894734412601516,
        0.22167651905038757,
        0.2021286876665222,
        0.19089760251364477,
        0.17546130591563008,
        0.16247656927616508,
        0.15984600610457944,
        0.14063252235876872,
        0.1353462474723147,
        0.1310798382742112
    ],
    "valid_losses": [
        1.3048694103956227,
        1.107568010687828,
        0.9590192973613738,
        0.9426962777972221,
        0.8404218122363091,
        0.7271403834223749,
        0.7237005300819872,
        0.688840802013874,
        0.6269572600722314,
        0.5942946463823319,
        0.5158172644674778,
        0.49803412929177276,
        0.4558470800518989,
        0.40252851843833926,
        0.38203416541218765,
        0.34816753156483177,
        0.31110544539988044,
        0.3193626001477241,
        0.26213968750089406,
        0.2500332063063979,
        0.2367550190538168,
        0.20763159394264225,
        0.22774833049625162,
        0.22858998645097017,
        0.20757829640060663,
        0.19211707450449464,
        0.17231497988104824,
        0.1771123379468918,
        0.19017578121274709,
        0.17483040667138988
    ],
    "train_accs": [
        0.4188701923076924,
        0.559139066951567,
        0.6163862179487175,
        0.6560051638176638,
        0.6870325854700849,
        0.7115162037037038,
        0.7315927706552698,
        0.7485087250712245,
        0.7626201923076914,
        0.7746394230769227,
        0.7932469729344723,
        0.8052216880341871,
        0.8209579772079756,
        0.8342459045584033,
        0.850338319088318,
        0.8607104700854697,
        0.8749999999999998,
        0.8839031339031346,
        0.893295940170941,
        0.9054709757834761,
        0.9117922008547009,
        0.9209624287749284,
        0.9284633190883179,
        0.9316239316239302,
        0.9369880698005686,
        0.9425747863247853,
        0.9433092948717945,
        0.9506098646723649,
        0.9520566239316246,
        0.9532140313390326
    ],
    "valid_accs": [
        0.53671875,
        0.6105468749999998,
        0.6615234375000001,
        0.6792968749999999,
        0.7099609375000002,
        0.7503906250000002,
        0.7533203125,
        0.7634765625,
        0.7802734375000002,
        0.7900390624999999,
        0.8251953125000001,
        0.8199218750000001,
        0.8357421875000002,
        0.8570312500000002,
        0.8705078124999998,
        0.8791015625,
        0.8935546875000001,
        0.8845703125,
        0.91328125,
        0.9162109375000002,
        0.92109375,
        0.9363281250000002,
        0.9292968749999998,
        0.9291015625000001,
        0.9353515625,
        0.9417968750000001,
        0.95234375,
        0.9490234374999997,
        0.9455078125,
        0.9544921875
    ],
    "test_loss": 0.9684725516959082,
    "test_acc": 0.7721518987341776
}