{
    "train_losses": [
        1.3429425725570088,
        0.933018931636103,
        0.7462705627635668,
        0.6291571147421487,
        0.5506377871389742,
        0.4851617858960079,
        0.4356490958195466,
        0.39273504450110625,
        0.36086208838173484,
        0.32722886199625123,
        0.2983569184429629,
        0.27118186521054677,
        0.250149406747431,
        0.22380866379904277,
        0.21400376799863988,
        0.19111344398681251,
        0.17359625656380603,
        0.16346951284342356,
        0.1574279184524829,
        0.137700713300637,
        0.13375333078906088,
        0.12465337943020367,
        0.12344877917499962,
        0.1083860210596751,
        0.10523946815172998,
        0.09956219037755942,
        0.0923305024098381,
        0.0916151903792579,
        0.08741565808611378,
        0.08590663256829448
    ],
    "valid_losses": [
        1.1345617681741718,
        0.9118922919034956,
        0.7385311409831047,
        0.6014419570565225,
        0.4978185728192329,
        0.45307173803448686,
        0.40303423926234244,
        0.3585843473672867,
        0.36142857819795615,
        0.34294779524207114,
        0.2896270796656608,
        0.3703166246414185,
        0.187706808373332,
        0.2243311274796724,
        0.1849547827616334,
        0.16524317339062689,
        0.19789851214736703,
        0.17257482083514333,
        0.15451048146933316,
        0.15080585954710837,
        0.15320401508361103,
        0.11781506938859822,
        0.1479050589317922,
        0.11742131309583778,
        0.1036902325518895,
        0.1108854525722563,
        0.12895703790709379,
        0.11517339460551738,
        0.1273669078014791,
        0.1041315520880744
    ],
    "train_accs": [
        0.5082799145299144,
        0.6691150284900281,
        0.7357327279202277,
        0.7802483974358972,
        0.8084045584045575,
        0.8309740028490014,
        0.8485354344729332,
        0.864338497150997,
        0.8753338675213677,
        0.8860176282051285,
        0.8963452635327634,
        0.9064280626780624,
        0.9124376780626774,
        0.9228320868945862,
        0.9258368945868931,
        0.9332487535612519,
        0.940638354700854,
        0.9436876780626777,
        0.9452902421652428,
        0.9518117877492891,
        0.9538372507122518,
        0.9567530270655289,
        0.9569978632478655,
        0.962829415954419,
        0.9638532763532802,
        0.9658342236467271,
        0.9691506410256451,
        0.9675703347578384,
        0.9705751424501468,
        0.9698406339031379
    ],
    "valid_accs": [
        0.5970703125000001,
        0.6828124999999999,
        0.7468750000000001,
        0.7857421874999998,
        0.8236328125,
        0.8412109374999999,
        0.8607421875,
        0.8748046875000001,
        0.8757812499999997,
        0.875390625,
        0.8964843749999998,
        0.8736328125000001,
        0.9417968750000001,
        0.9232421875000001,
        0.9396484375,
        0.9427734375,
        0.9328124999999998,
        0.9412109374999996,
        0.9490234375000003,
        0.949609375,
        0.9478515625,
        0.9624999999999999,
        0.9519531250000001,
        0.9607421875000001,
        0.9646484375000003,
        0.9646484375000001,
        0.95859375,
        0.9623046875000001,
        0.9560546875,
        0.9691406249999999
    ],
    "test_loss": 0.5055447748944731,
    "test_acc": 0.8645174050632909
}