{
    "train_losses": [
        1.7464948926556152,
        1.314232659136128,
        1.1339750790867718,
        1.022787762333525,
        0.9329343894947622,
        0.870608570908549,
        0.8035821700707458,
        0.752959822827255,
        0.7133758372051431,
        0.6711040855812543,
        0.6255079752359632,
        0.583787784871892,
        0.5445480468096561,
        0.5015681285803817,
        0.45856196426937734,
        0.41943713704235547,
        0.3884499357042151,
        0.3473713537227056,
        0.31828204684617517,
        0.27826322443210144,
        0.25935814703716525,
        0.2297718299505035,
        0.21092832332577793,
        0.18272041457246166,
        0.17409830047958602,
        0.15903206209936044,
        0.14716298767813935,
        0.13941724856312468,
        0.12776902389110312,
        0.12820906667542933
    ],
    "valid_losses": [
        1.4287624925374989,
        1.142594845592976,
        1.06092167198658,
        0.96937218606472,
        0.8839390113949775,
        0.8221218332648278,
        0.756763955950737,
        0.7431024342775343,
        0.6754423663020132,
        0.5932351939380168,
        0.5218784593045712,
        0.5229653857648372,
        0.4762653216719627,
        0.4627865046262741,
        0.4250856898725033,
        0.31376112997531896,
        0.3216087903827429,
        0.2745953429490329,
        0.24460855051875108,
        0.224271341599524,
        0.19226853356231005,
        0.18193507860414687,
        0.1830596072599292,
        0.1477765427087434,
        0.16931638368405405,
        0.13533816478447985,
        0.17378802945604546,
        0.13210548323113475,
        0.14072289956966413,
        0.15180948573979552
    ],
    "train_accs": [
        0.3674991096866093,
        0.5251068376068377,
        0.5980235042735039,
        0.636618589743589,
        0.6695156695156699,
        0.6913728632478633,
        0.715678418803418,
        0.7348646723646719,
        0.7492209757834742,
        0.7628205128205113,
        0.7786903490028488,
        0.7931579415954407,
        0.8052439458689452,
        0.8211137820512813,
        0.8373174857549843,
        0.8511841168091159,
        0.861689814814814,
        0.8762909544159543,
        0.8870637464387473,
        0.8990162037037039,
        0.9060941951566954,
        0.9182692307692297,
        0.9258146367521359,
        0.9352742165242154,
        0.9365874287749278,
        0.9432870370370366,
        0.9477608618233619,
        0.9496527777777787,
        0.9554175569800588,
        0.955083689458691
    ],
    "valid_accs": [
        0.48359375,
        0.6025390624999999,
        0.6300781249999999,
        0.662109375,
        0.6869140625000001,
        0.7138671875,
        0.7408203125000001,
        0.7314453125,
        0.7638671874999999,
        0.7908203125,
        0.8146484375000002,
        0.8150390625,
        0.8314453125000002,
        0.8419921874999999,
        0.85859375,
        0.8906250000000001,
        0.8921874999999999,
        0.9062500000000001,
        0.9191406249999998,
        0.92421875,
        0.9367187500000002,
        0.9412109375,
        0.9414062500000001,
        0.9537109374999999,
        0.9462890625000001,
        0.9589843750000002,
        0.9486328124999999,
        0.9599609374999999,
        0.9609375000000001,
        0.9564453124999999
    ],
    "test_loss": 0.9214649404151529,
    "test_acc": 0.7739319620253167
}