{
    "train_losses": [
        1.883783080299357,
        1.7621792503911209,
        1.7193242413365928,
        1.68854503278379,
        1.6588430584665708,
        1.640376001341729,
        1.6245842846030856,
        1.604950936771187,
        1.588213225715181,
        1.5791361926288012,
        1.565805656617863,
        1.5576216284705697,
        1.54581041723235,
        1.5391248760060363,
        1.5285232790514953,
        1.525543114398621,
        1.5241743923931717,
        1.5140326838208051,
        1.5036855022452154,
        1.5029445210752996,
        1.4958759865529851,
        1.4872057896394002,
        1.4864831313788038,
        1.4826441840228872,
        1.4813420589153588,
        1.4742488287113327,
        1.4712254457663947,
        1.469826769964648,
        1.4651438826509346,
        1.4625239620181576
    ],
    "valid_losses": [
        1.7845273584127426,
        1.7731087088584903,
        1.67507863342762,
        1.660853964090347,
        1.627197730541229,
        1.603994336724281,
        1.59411703646183,
        1.56688232421875,
        1.5531544774770736,
        1.536094209551811,
        1.553338307142258,
        1.5365324765443802,
        1.499850445985794,
        1.4926296830177306,
        1.5113630563020704,
        1.4867701470851897,
        1.5072113305330277,
        1.4627315253019337,
        1.4749227255582804,
        1.4572613716125487,
        1.4599758267402647,
        1.445560958981514,
        1.4437133997678753,
        1.4604676336050033,
        1.4538126885890958,
        1.4497737973928453,
        1.4481618851423261,
        1.4328334838151928,
        1.4375442653894424,
        1.4210957199335101
    ],
    "train_accs": [
        0.33756232193732155,
        0.38492699430199384,
        0.40264423076923056,
        0.41101317663817655,
        0.4190927706552703,
        0.4258814102564098,
        0.4299768518518516,
        0.4363203347578344,
        0.44074964387464366,
        0.4421741452991451,
        0.4485844017094019,
        0.451923076923077,
        0.4548165954415954,
        0.4572649572649573,
        0.4591791310541309,
        0.460225249287749,
        0.45942396723646733,
        0.4645655270655272,
        0.4663016381766383,
        0.46866096866096857,
        0.47021901709401726,
        0.4726006054131054,
        0.4732905982905984,
        0.47464832621082625,
        0.4741141381766384,
        0.47838764245014254,
        0.48052439458689433,
        0.47889957264957267,
        0.47878828347578334,
        0.4835292022792022
    ],
    "valid_accs": [
        0.37871093749999996,
        0.38359375,
        0.4257812499999999,
        0.4285156250000001,
        0.4378906249999999,
        0.45312499999999994,
        0.4482421875000001,
        0.4525390625,
        0.4646484374999999,
        0.46816406250000003,
        0.45429687500000016,
        0.46582031249999994,
        0.4757812499999999,
        0.47851562500000006,
        0.4728515625,
        0.4781249999999999,
        0.4679687500000001,
        0.487109375,
        0.48261718750000016,
        0.48515625,
        0.4949218750000002,
        0.49277343749999997,
        0.4841796875,
        0.4853515624999999,
        0.4849609375000001,
        0.490625,
        0.48925781249999994,
        0.48691406249999997,
        0.48710937500000023,
        0.5107421875
    ],
    "test_loss": 1.5201622413683535,
    "test_acc": 0.467068829113924
}