{
    "train_losses": [
        1.7088858853717825,
        1.3599117450904308,
        1.2314267532098666,
        1.1362300808952737,
        1.0648885258921876,
        1.003794381421515,
        0.9467556048662237,
        0.9002786463821718,
        0.860150345030673,
        0.8220216141127448,
        0.78323459795058,
        0.7498178278279096,
        0.7231083537778281,
        0.6876861950610773,
        0.6627709680473026,
        0.6382267126160809,
        0.6121002247190888,
        0.5939077481924641,
        0.567021064014516,
        0.5417340734915178,
        0.5228676481803942,
        0.49965209108472214,
        0.48522623609273874,
        0.4650353300265779,
        0.4477800867836016,
        0.42671811338673316,
        0.4134556302148048,
        0.3954171478493599,
        0.3795323760760816,
        0.3631441673407187
    ],
    "valid_losses": [
        1.4487255424261094,
        1.278140422701836,
        1.158352619409561,
        1.0854064539074895,
        1.0015257149934766,
        0.9461426302790643,
        0.8668102502822875,
        0.8765710994601248,
        0.8232529655098915,
        0.7403215155005455,
        0.7244009763002395,
        0.6935511335730551,
        0.6852482706308364,
        0.6432353854179381,
        0.6187107674777507,
        0.5844379909336567,
        0.581670196354389,
        0.5411106556653978,
        0.49376304224133494,
        0.4845620892941953,
        0.4725961260497569,
        0.43093083575367924,
        0.41728135347366313,
        0.4042757406830788,
        0.4074870705604553,
        0.38468238040804864,
        0.34925674647092814,
        0.31537951231002803,
        0.31480132788419724,
        0.3275566082447768
    ],
    "train_accs": [
        0.37548967236467207,
        0.5059428418803419,
        0.555243945868946,
        0.5951299857549852,
        0.6227074430199424,
        0.6430733618233618,
        0.6658431267806265,
        0.6825142450142453,
        0.6970040954415949,
        0.7095797720797717,
        0.7251825142450143,
        0.735465633903134,
        0.7464164886039875,
        0.758480235042735,
        0.7697872150997148,
        0.7792690527065529,
        0.7865028490028482,
        0.7933137464387459,
        0.8016159188034175,
        0.8124554843304831,
        0.8209579772079761,
        0.8280582264957252,
        0.8332665598290591,
        0.8405003561253556,
        0.8475560897435894,
        0.8559695512820503,
        0.8581508190883181,
        0.8649394586894588,
        0.8725738960113962,
        0.8778267450142455
    ],
    "valid_accs": [
        0.4697265625,
        0.5380859374999999,
        0.5806640624999998,
        0.6082031250000002,
        0.6511718749999998,
        0.6705078125000001,
        0.6927734375,
        0.7003906250000002,
        0.7103515625,
        0.7441406249999997,
        0.7458984375,
        0.7576171875000001,
        0.7669921875000002,
        0.7716796875000002,
        0.7859374999999998,
        0.7972656249999999,
        0.7927734375000001,
        0.8146484374999999,
        0.8333984374999998,
        0.8337890625,
        0.8392578125,
        0.85234375,
        0.8568359374999999,
        0.8667968749999998,
        0.8626953125000001,
        0.86796875,
        0.885546875,
        0.9003906249999997,
        0.8970703124999998,
        0.89296875
    ],
    "test_loss": 0.7638297356382202,
    "test_acc": 0.749011075949367
}