{
    "train_losses": [
        1.3658245501355237,
        0.8941823746743701,
        0.6969981187598999,
        0.5824165229613967,
        0.5149884574603492,
        0.4551102795407302,
        0.4151408331431556,
        0.371803243615349,
        0.3488462529545835,
        0.31439481709587613,
        0.28861642372064794,
        0.2662528649269686,
        0.2500169898285145,
        0.23080850072056475,
        0.2210127383555443,
        0.19186820709637434,
        0.1870136096266939,
        0.17098495350391774,
        0.16915357365482564,
        0.15075593060705073,
        0.14587642864836256,
        0.1396386329392422,
        0.13502166790627684,
        0.12265419847520337,
        0.12012656490475027,
        0.10556713242794878,
        0.10217987064622402,
        0.10592710627959324,
        0.0973768160224725,
        0.09249855126347133
    ],
    "valid_losses": [
        1.0878153979778291,
        0.8736716568470003,
        0.967327357828617,
        0.7147711381316185,
        0.4832786254584788,
        0.4273184433579444,
        0.3637241326272488,
        0.37944923602044583,
        0.36893959976732726,
        0.2864819806069136,
        0.32003768347203737,
        0.362027871981263,
        0.19403733368963003,
        0.24392485246062276,
        0.20507047437131404,
        0.2302658664062619,
        0.16287068501114846,
        0.17203367333859204,
        0.17256602402776486,
        0.26105593685060746,
        0.27470906190574174,
        0.13539987108670173,
        0.13828752195695418,
        0.10151781953172757,
        0.09230239866301415,
        0.12490020631812514,
        0.1283857064321637,
        0.13253619018942123,
        0.1339443495962769,
        0.09675372609053737
    ],
    "train_accs": [
        0.5023370726495727,
        0.6830929487179482,
        0.7551860754985746,
        0.7967191951566941,
        0.8209579772079756,
        0.8421029202279198,
        0.8560585826210823,
        0.8703035968660967,
        0.8767806267806262,
        0.8895121082621082,
        0.8988381410256404,
        0.907719017094016,
        0.9118812321937306,
        0.9180021367521356,
        0.9219862891737877,
        0.9323361823361813,
        0.9341613247863235,
        0.9395477207977195,
        0.9398148148148144,
        0.946069266381766,
        0.9484285968660972,
        0.9505876068376078,
        0.9521233974358982,
        0.9568643162393181,
        0.9575320512820537,
        0.9635194088319121,
        0.9642984330484364,
        0.9630074786324818,
        0.9663238960113996,
        0.966702279202283
    ],
    "valid_accs": [
        0.6132812500000001,
        0.7044921875000001,
        0.6867187499999999,
        0.7666015624999999,
        0.8371093750000003,
        0.8541015624999999,
        0.8753906249999999,
        0.8667968749999999,
        0.8726562500000002,
        0.9019531249999997,
        0.8886718750000002,
        0.875,
        0.9382812500000001,
        0.91484375,
        0.9259765624999999,
        0.9244140625000001,
        0.9470703125,
        0.9408203124999999,
        0.9408203125,
        0.9115234375000002,
        0.9082031250000001,
        0.9542968750000002,
        0.9541015624999999,
        0.9673828125,
        0.9707031249999997,
        0.9587890625,
        0.9583984374999999,
        0.9541015624999999,
        0.9564453124999999,
        0.9701171875000002
    ],
    "test_loss": 0.4229153381495536,
    "test_acc": 0.881230221518987
}