{
    "train_losses": [
        1.7412571010426572,
        1.3040459555098805,
        1.1316020101563542,
        1.0138757167718344,
        0.9281182428370847,
        0.8574922996708473,
        0.7917379820109095,
        0.7341718284832445,
        0.6873788465122215,
        0.6391625965592526,
        0.5859957365398737,
        0.5360569073433883,
        0.4887785218719744,
        0.44228631877831276,
        0.3914397682389642,
        0.34861087671711954,
        0.3015094106947932,
        0.2747218779094537,
        0.241483156030674,
        0.2082860790766202,
        0.18457695478812233,
        0.16903709397356734,
        0.15770770234727113,
        0.14500730348873006,
        0.1299884644498851,
        0.12115421943748612,
        0.1147983331774544,
        0.10152607291745828,
        0.09915685430805915,
        0.09681320973165183
    ],
    "valid_losses": [
        1.4284477978944778,
        1.161641724407673,
        1.0743458047509193,
        0.9822031870484353,
        0.9379007041454315,
        0.7911897912621496,
        0.7302640154957768,
        0.6929903954267506,
        0.6295469105243684,
        0.5563409812748432,
        0.5209120847284793,
        0.4952896602451802,
        0.4263714514672755,
        0.3754280608147382,
        0.36742391288280496,
        0.2905652654357255,
        0.2774179856292904,
        0.24581210985779767,
        0.22071568891406057,
        0.20362627650611098,
        0.17866213647648693,
        0.1857077458873391,
        0.18415328171104195,
        0.15555122156511053,
        0.15472743390128021,
        0.13968151187727926,
        0.15762556882764325,
        0.17679987000301478,
        0.15233281084802003,
        0.12959185437357515
    ],
    "train_accs": [
        0.3692574786324785,
        0.5284677706552707,
        0.597978988603989,
        0.6390892094017089,
        0.6699830840455834,
        0.6977608618233616,
        0.7214431980056973,
        0.7393384971509962,
        0.7562544515669517,
        0.7733484686609683,
        0.7916666666666657,
        0.8116764601139589,
        0.8270788817663806,
        0.840923254985753,
        0.860131766381766,
        0.8760906339031341,
        0.8922720797720795,
        0.9024661680911679,
        0.9144186253561248,
        0.9263710826210809,
        0.9348290598290588,
        0.939948361823361,
        0.943287037037037,
        0.9492743945868953,
        0.9548388532763549,
        0.9580439814814836,
        0.9594684829059856,
        0.9645210113960144,
        0.9654335826210864,
        0.9665464743589781
    ],
    "valid_accs": [
        0.467578125,
        0.5875,
        0.6212890625,
        0.6550781250000001,
        0.6732421875,
        0.7249999999999999,
        0.7443359374999999,
        0.7548828125000002,
        0.7781250000000001,
        0.803515625,
        0.8191406250000002,
        0.8294921875000001,
        0.8486328125,
        0.8693359375000002,
        0.8734375000000002,
        0.9029296874999999,
        0.9091796875000002,
        0.9201171875000004,
        0.9271484375000001,
        0.9343749999999998,
        0.9433593749999998,
        0.9423828124999999,
        0.9460937499999998,
        0.9546874999999999,
        0.9578125000000001,
        0.9601562499999999,
        0.9521484375,
        0.9484375000000002,
        0.9560546874999998,
        0.965234375
    ],
    "test_loss": 0.9899589856968655,
    "test_acc": 0.7714596518987342
}