{
    "train_losses": [
        1.6520449069150824,
        1.2506241030842498,
        1.0836685491762934,
        0.9656035378787592,
        0.8800261326325244,
        0.8129419883092251,
        0.7544991592226548,
        0.6995126105781293,
        0.6490203266130213,
        0.6035357895400111,
        0.5598925170395787,
        0.513084430045892,
        0.4681574705659152,
        0.42851650494116295,
        0.38249841256019385,
        0.34174994504519685,
        0.30502666766487313,
        0.2678530825424059,
        0.2388897583822579,
        0.22057547449980697,
        0.19142473506027477,
        0.1826916716122559,
        0.16054493601717845,
        0.15253287530437828,
        0.13645310239319788,
        0.13094187925896067,
        0.1275195186145794,
        0.11599410388968952,
        0.11202245947514845,
        0.10377688291469364
    ],
    "valid_losses": [
        1.357159784436226,
        1.109911611676216,
        0.9759328708052634,
        0.8701520904898643,
        0.8542853713035585,
        0.7920575946569444,
        0.6882531970739365,
        0.6233268678188324,
        0.5736201308667659,
        0.5272566057741642,
        0.5027634978294373,
        0.4413701735436916,
        0.40825193747878086,
        0.34632154852151875,
        0.3258638694882393,
        0.29543171301484106,
        0.27678284272551545,
        0.24112223461270335,
        0.20580488136038186,
        0.24007246643304817,
        0.2085127265192568,
        0.2324606489390135,
        0.1817363676149399,
        0.18607618473470214,
        0.15911553313490007,
        0.1701802369207144,
        0.19007358951494094,
        0.18447811304358766,
        0.16547067556530234,
        0.18543125609867273
    ],
    "train_accs": [
        0.40157585470085455,
        0.5494346509971513,
        0.6132478632478631,
        0.6563390313390312,
        0.6907719017094017,
        0.7117165242165238,
        0.7355101495726488,
        0.7525819088319088,
        0.7702768874643868,
        0.7854344729344721,
        0.8014601139601132,
        0.8192663817663804,
        0.8335113960113956,
        0.8474002849002839,
        0.865406873219373,
        0.8781383547008544,
        0.8912259615384611,
        0.9044248575498567,
        0.9135728276353273,
        0.9216524216524205,
        0.9336048789173773,
        0.9345174501424491,
        0.943131232193732,
        0.9455128205128202,
        0.9519230769230782,
        0.9544604700854717,
        0.9559962606837628,
        0.9591568732193758,
        0.9602920227920259,
        0.9641203703703743
    ],
    "valid_accs": [
        0.5091796875,
        0.6083984375,
        0.6597656249999999,
        0.7054687499999999,
        0.6949218750000001,
        0.7263671875000002,
        0.7626953125000001,
        0.7820312500000001,
        0.8009765625,
        0.8181640624999998,
        0.8208984375,
        0.8423828125000002,
        0.859765625,
        0.8806640624999998,
        0.8947265625,
        0.9050781249999997,
        0.9082031249999999,
        0.9171874999999999,
        0.9335937500000001,
        0.9179687500000001,
        0.9351562499999998,
        0.9271484374999998,
        0.9462890625000002,
        0.9408203125000001,
        0.9556640625,
        0.9484374999999998,
        0.9470703125000001,
        0.9498046874999999,
        0.9517578124999999,
        0.9476562500000001
    ],
    "test_loss": 1.047500520567351,
    "test_acc": 0.7532634493670889
}