{
    "train_losses": [
        1.589612540696082,
        1.2630028634669102,
        1.1467949562942201,
        1.0526831593268964,
        0.9664050333859918,
        0.9014983061711671,
        0.8367983208083019,
        0.7778816768246833,
        0.7338769699093959,
        0.6852614081483285,
        0.6400631583823777,
        0.5853278664102576,
        0.5452820051599429,
        0.5022744139035544,
        0.45778646080242597,
        0.4130954636298014,
        0.3729588075241132,
        0.33956517270657416,
        0.3037192499280995,
        0.267233088124342,
        0.2409519749107183,
        0.21639280583698872,
        0.19815732211808504,
        0.18134046840531878,
        0.1651504328447869,
        0.15459377483127806,
        0.14765872457131032,
        0.13590355034906976,
        0.12869059359203736,
        0.12657172492363006
    ],
    "valid_losses": [
        1.3725049108266831,
        1.1477526515722274,
        1.0976048871874808,
        0.992730487883091,
        0.897871893644333,
        0.8822241947054865,
        0.8816532209515573,
        0.7757398337125779,
        0.6732196062803268,
        0.6158820316195487,
        0.6069548085331915,
        0.589748578518629,
        0.5032720126211643,
        0.47293022796511647,
        0.42017792239785196,
        0.4088571183383465,
        0.3670330606400967,
        0.33397746831178654,
        0.29450489096343524,
        0.27553149573504926,
        0.2419250957667828,
        0.24355789478868253,
        0.25172305479645735,
        0.24320724420249465,
        0.22960778139531604,
        0.2651956560090184,
        0.21647304464131598,
        0.21728716399520634,
        0.22205811701714995,
        0.21418531313538552
    ],
    "train_accs": [
        0.41904825498575476,
        0.5478098290598292,
        0.5929932336182333,
        0.6270477207977205,
        0.6584090099715096,
        0.6828481125356122,
        0.7058181980056968,
        0.7242476851851841,
        0.7418536324786323,
        0.7571447649572647,
        0.7723691239316234,
        0.7903757122507119,
        0.804910078347578,
        0.8203570156695146,
        0.8353810541310532,
        0.8501602564102557,
        0.8683226495726492,
        0.878249643874644,
        0.8904246794871794,
        0.9046696937321939,
        0.9129273504273493,
        0.9215856481481465,
        0.9289307336182325,
        0.9351629273504267,
        0.9418625356125346,
        0.9455350783475782,
        0.9475827991452989,
        0.9518785612535621,
        0.955350783475785,
        0.9561298076923093
    ],
    "valid_accs": [
        0.5023437500000001,
        0.5916015625,
        0.6150390625000001,
        0.6556640625000001,
        0.681640625,
        0.694140625,
        0.6898437500000001,
        0.7201171875,
        0.7648437499999999,
        0.7843750000000002,
        0.7859375,
        0.7869140625000002,
        0.8265624999999999,
        0.8365234375000001,
        0.8552734374999998,
        0.8583984375,
        0.8744140625000001,
        0.8902343749999998,
        0.9048828125,
        0.906640625,
        0.9205078124999999,
        0.9201171875,
        0.9212890625000001,
        0.9244140624999998,
        0.9291015625,
        0.9199218750000001,
        0.9337890625,
        0.9396484374999999,
        0.9384765624999999,
        0.9388671874999999
    ],
    "test_loss": 1.1291230864162687,
    "test_acc": 0.7363528481012659
}