{
    "train_losses": [
        1.463033870414451,
        0.9799011023635534,
        0.76235147249325,
        0.6267526734758307,
        0.5461604502635802,
        0.48286958594947077,
        0.43333101034843696,
        0.3931765801291859,
        0.35876374180160714,
        0.3274512410248788,
        0.29915299294171477,
        0.27622706440948686,
        0.25466791033065556,
        0.22766172021967046,
        0.22205608923975212,
        0.19609902179309108,
        0.18224075546971055,
        0.168639011362679,
        0.15592579766471187,
        0.14073881288284582,
        0.1341911222775098,
        0.12307584253896,
        0.12060339844379664,
        0.10867073996114586,
        0.10332019993255283,
        0.09498665197633006,
        0.0890101082623005,
        0.08368245251689031,
        0.08045655066556064,
        0.07541847072456807
    ],
    "valid_losses": [
        1.191581027209759,
        0.9236405432224275,
        0.9114395782351493,
        0.7251119732856748,
        0.5530342407524587,
        0.5100668005645275,
        0.44178523197770136,
        0.3877602405846119,
        0.3465008413419128,
        0.28544016815721984,
        0.2749564342200756,
        0.37886698208749287,
        0.22425721660256387,
        0.2538265887647867,
        0.17790089482441546,
        0.1870461221784353,
        0.1508667133748531,
        0.13283832594752312,
        0.14395946096628903,
        0.1329654160887003,
        0.14185312185436488,
        0.13250081874430178,
        0.14449677104130393,
        0.10245738131925464,
        0.08123788675293325,
        0.13639878076501197,
        0.10418501868844032,
        0.07860702821053563,
        0.08090713080600835,
        0.1007170736324042
    ],
    "train_accs": [
        0.4670806623931624,
        0.6496394230769228,
        0.733150819088319,
        0.7820290242165231,
        0.8111422720797713,
        0.8301504629629617,
        0.8503828347578345,
        0.8631810897435893,
        0.8751780626780634,
        0.8847489316239322,
        0.8958778490028477,
        0.9040909900284887,
        0.9112357549857538,
        0.9205617877492861,
        0.922297898860397,
        0.932247150997149,
        0.9358529202279198,
        0.9405938390313382,
        0.9456463675213678,
        0.9505653490028503,
        0.9524350071225091,
        0.9568643162393186,
        0.9568643162393183,
        0.9618055555555588,
        0.9637865028490069,
        0.9667690527065564,
        0.9683493589743634,
        0.9704861111111158,
        0.9713541666666712,
        0.9740251068376121
    ],
    "valid_accs": [
        0.5789062499999998,
        0.692578125,
        0.6978515625,
        0.7542968750000002,
        0.8142578125,
        0.8291015625000001,
        0.8500000000000001,
        0.8689453124999998,
        0.8826171875000002,
        0.9042968750000002,
        0.9080078125000001,
        0.8707031250000002,
        0.9187499999999998,
        0.9140625000000002,
        0.9371093749999998,
        0.9320312499999999,
        0.9507812499999999,
        0.9578124999999998,
        0.95390625,
        0.9572265625,
        0.9505859375,
        0.9576171874999999,
        0.9550781250000001,
        0.96171875,
        0.9730468750000001,
        0.9568359375,
        0.96796875,
        0.97578125,
        0.9759765625,
        0.9677734374999999
    ],
    "test_loss": 0.4435589625676976,
    "test_acc": 0.8893393987341771
}