{
    "train_losses": [
        1.9218943981703192,
        1.426723347090588,
        1.1899424988320082,
        0.9858674024924244,
        0.821238690292054,
        0.7093624402145373,
        0.6286174622696007,
        0.5780785663684886,
        0.5432022420259619,
        0.5165272816973197,
        0.49623438631027855,
        0.4684382486886784,
        0.4585436398317336,
        0.43846721238220554,
        0.4328638223501353,
        0.4179371845008979,
        0.41009116597325035,
        0.39840636429963305,
        0.39585427859230254,
        0.37971118385465735,
        0.3794878936476181,
        0.3729299892302593,
        0.36835201097349884,
        0.3634535185037511,
        0.36411246462085667,
        0.35423825587811963,
        0.3471035019539698,
        0.34488919963184583,
        0.34573505177796704,
        0.34289792133362534
    ],
    "valid_losses": [
        1.544382333755493,
        1.3612524032592777,
        1.092081941664219,
        0.9652168169617654,
        0.7456239446997642,
        0.7892826393246648,
        0.6551420763134956,
        0.6410075321793557,
        0.6311594627797604,
        0.4737979456782342,
        0.5020906776189805,
        0.7634758710861206,
        0.48589225411415116,
        0.45938823968172077,
        0.4806678302586078,
        0.4171356737613679,
        0.49742427542805673,
        0.39585352241992955,
        0.45043140426278117,
        0.3896177597343922,
        0.35116203688085085,
        0.4424403920769691,
        0.4448113076388836,
        0.3432368274778127,
        0.5518964678049086,
        0.35133558623492717,
        0.34292528703808783,
        0.4187922898679971,
        0.3675784073770046,
        0.3262250900268555
    ],
    "train_accs": [
        0.32398504273504247,
        0.47725249287749316,
        0.5710915242165242,
        0.647769764957265,
        0.7106258903133891,
        0.7517138532763538,
        0.7835648148148141,
        0.7984107905982895,
        0.8133680555555548,
        0.8211137820512813,
        0.8281027421652407,
        0.8380297364672349,
        0.8404335826210814,
        0.8493589743589742,
        0.8497818732193726,
        0.85619212962963,
        0.8569711538461542,
        0.8623352920227918,
        0.8638710826210827,
        0.867677172364672,
        0.8692352207977211,
        0.8714610042735044,
        0.8728855056980064,
        0.8748441951566952,
        0.87397613960114,
        0.8772257834757835,
        0.8817218660968664,
        0.881009615384616,
        0.8813434829059836,
        0.8815660612535622
    ],
    "valid_accs": [
        0.42265625000000007,
        0.5142578125000002,
        0.6123046874999999,
        0.66015625,
        0.7400390625,
        0.7406250000000001,
        0.76875,
        0.78359375,
        0.7824218749999999,
        0.8310546875000001,
        0.8277343750000001,
        0.7521484374999998,
        0.8296874999999999,
        0.8435546874999998,
        0.832421875,
        0.8490234375,
        0.8273437499999999,
        0.8699218749999998,
        0.8470703124999999,
        0.8656249999999998,
        0.8796875000000002,
        0.8560546875,
        0.8445312500000002,
        0.878515625,
        0.8162109375,
        0.8781250000000002,
        0.8826171875,
        0.8632812499999998,
        0.8769531249999998,
        0.8863281249999999
    ],
    "test_loss": 0.476303533285479,
    "test_acc": 0.8440466772151894
}