{
    "train_losses": [
        1.792909394302261,
        1.5871623618650303,
        1.4940711185123843,
        1.433673931322886,
        1.391781964872638,
        1.3463650503729145,
        1.3178430204717526,
        1.2857544907817129,
        1.2598252992684345,
        1.220586171686818,
        1.2105029758564758,
        1.193343080516555,
        1.1715910477176352,
        1.1530165344561603,
        1.127122586608952,
        1.1123780265153302,
        1.0964802904346405,
        1.0830585387697251,
        1.0651162285410785,
        1.053069733486555,
        1.0294062705800737,
        1.0149724894439391,
        1.0084788415506691,
        0.9893933942175314,
        0.9755574320456233,
        0.9626049684663104,
        0.9492600083011503,
        0.9378315154303851,
        0.9272446313135305,
        0.9150013028726278
    ],
    "train_accs": [
        0.3617565883190877,
        0.43718839031339,
        0.4722667378917383,
        0.4925881410256406,
        0.5087918447293448,
        0.5246616809116812,
        0.5337873931623929,
        0.5448495370370374,
        0.5564013532763532,
        0.5671964031339026,
        0.5718482905982907,
        0.5792601495726489,
        0.583667200854701,
        0.5928374287749286,
        0.6009170227920224,
        0.6055466524216522,
        0.6124910968660968,
        0.6160968660968658,
        0.6229745370370366,
        0.6280270655270658,
        0.6370860042735045,
        0.6417601495726495,
        0.6423165954415947,
        0.6495726495726489,
        0.6542690527065526,
        0.6578525641025634,
        0.6663995726495718,
        0.6688256766381774,
        0.6735888532763535,
        0.6767939814814812
    ],
    "train_times": [
        20.02944779396057,
        17.985289335250854,
        17.817848443984985,
        19.797926425933838,
        17.877018213272095,
        19.122061014175415,
        17.898497104644775,
        18.731823205947876,
        17.91807746887207,
        18.38264775276184,
        19.19477128982544,
        17.956120014190674,
        19.6784770488739,
        18.132184743881226,
        18.77950930595398,
        18.320748329162598,
        18.140632152557373,
        19.539795637130737,
        18.236844778060913,
        19.417846202850342,
        18.005189418792725,
        18.46013617515564,
        17.727166891098022,
        18.199039220809937,
        20.76973056793213,
        18.642858743667603,
        19.894842863082886,
        18.534310340881348,
        19.58700132369995,
        18.627230167388916
    ],
    "train_grad_norms": {
        "hidden_layers.0.weight": [
            0.4260918200016022,
            0.34374934434890747,
            0.36343541741371155,
            0.35506612062454224,
            0.31426626443862915,
            0.3924195468425751,
            0.3015831708908081,
            0.3096550405025482,
            0.2375214546918869,
            0.30534741282463074,
            0.28710177540779114,
            0.28613704442977905,
            0.27400335669517517,
            0.2577849328517914,
            0.2887468934059143,
            0.25633740425109863,
            0.29724401235580444,
            0.26181361079216003,
            0.30492258071899414,
            0.28481218218803406,
            0.25004681944847107,
            0.2581271231174469,
            0.29325440526008606,
            0.29406875371932983,
            0.31756263971328735,
            0.2818119525909424,
            0.3122381269931793,
            0.294048547744751,
            0.27761310338974,
            0.3203677833080292
        ],
        "hidden_layers.0.bias": [
            0.008216301910579205,
            0.006177247501909733,
            0.006113939452916384,
            0.007467641960829496,
            0.006556311622262001,
            0.006963871885091066,
            0.007062376476824284,
            0.0061846086755394936,
            0.004441280849277973,
            0.006234948057681322,
            0.0046256971545517445,
            0.006379104685038328,
            0.0059844511561095715,
            0.004941633902490139,
            0.004937527701258659,
            0.004668756388127804,
            0.005885889288038015,
            0.005168828181922436,
            0.005262559279799461,
            0.005730572156608105,
            0.005324115976691246,
            0.0056967162527143955,
            0.005438189022243023,
            0.006421127822250128,
            0.005742995534092188,
            0.005974544677883387,
            0.006032079458236694,
            0.0058299177326262,
            0.006091207731515169,
            0.006200380157679319
        ],
        "hidden_layers.1.weight": [
            0.8210877180099487,
            0.7221117615699768,
            0.8117283582687378,
            0.9754645824432373,
            0.7776784300804138,
            0.9467417597770691,
            0.7614044547080994,
            0.817830502986908,
            0.6919417977333069,
            0.8022955060005188,
            0.7465812563896179,
            0.8372660875320435,
            0.7872538566589355,
            0.7678498029708862,
            0.7979648113250732,
            0.7211905121803284,
            0.9121495485305786,
            0.7764097452163696,
            0.8890760540962219,
            0.9286015629768372,
            0.7529140710830688,
            0.7734802961349487,
            0.8865410685539246,
            0.9423251748085022,
            0.9494763016700745,
            0.9059820771217346,
            0.9728161692619324,
            0.9075568914413452,
            0.8247764706611633,
            0.8239614367485046
        ],
        "hidden_layers.1.bias": [
            0.00927063263952732,
            0.005934110842645168,
            0.004860214423388243,
            0.00695044407621026,
            0.005070745479315519,
            0.005459907464683056,
            0.005004937294870615,
            0.003961527720093727,
            0.0029030200093984604,
            0.004057019948959351,
            0.002950703725218773,
            0.003990471828728914,
            0.0035086122807115316,
            0.00314108794555068,
            0.002948689740151167,
            0.0026638321578502655,
            0.003766641952097416,
            0.0028684891294687986,
            0.0030526428017765284,
            0.0031886897049844265,
            0.0029373452998697758,
            0.0030562016181647778,
            0.0029116501100361347,
            0.0030215911101549864,
            0.0027279770001769066,
            0.0026643441524356604,
            0.003189181676134467,
            0.0028425848577171564,
            0.0031602676026523113,
            0.0027321837842464447
        ],
        "hidden_layers.2.weight": [
            1.1583669185638428,
            1.283117413520813,
            1.4454989433288574,
            2.0463430881500244,
            1.3918190002441406,
            1.9800232648849487,
            1.3554987907409668,
            1.8231921195983887,
            1.3526242971420288,
            1.600144863128662,
            1.4294023513793945,
            1.7950996160507202,
            1.5830539464950562,
            1.6938596963882446,
            1.599038004875183,
            1.4043949842453003,
            2.1256263256073,
            1.7513158321380615,
            1.7963894605636597,
            2.1046175956726074,
            1.5048441886901855,
            1.6606539487838745,
            2.2093887329101562,
            1.916109561920166,
            1.7238484621047974,
            2.069068670272827,
            2.221693515777588,
            1.734403371810913,
            1.6772000789642334,
            1.641939640045166
        ],