{
    "train_losses": [
        1.6609686820255725,
        1.2866624274484788,
        1.140554475648451,
        1.0369049857484651,
        0.9568784073886708,
        0.8858180241367414,
        0.8274178805514277,
        0.7666749096663923,
        0.7213092397081206,
        0.6662997036238336,
        0.6275097545225738,
        0.5809382150146016,
        0.5470623613422748,
        0.5034023635407795,
        0.4659382067939153,
        0.4317005049129494,
        0.40014034509658797,
        0.37028204511713075,
        0.3420239732391134,
        0.31961288980269376,
        0.2938297244261134,
        0.2794076014108467,
        0.2538157098441041,
        0.24556074998317629,
        0.22305605346151222,
        0.218144404688622,
        0.20698679503891879,
        0.19076556334553288,
        0.18072434062631731,
        0.17376867004609164
    ],
    "valid_losses": [
        1.3985332220792772,
        1.1704932898283003,
        1.0257931917905807,
        0.9426046058535577,
        0.858844520151615,
        0.7999572202563283,
        0.7074767187237738,
        0.659173047542572,
        0.626558495312929,
        0.5621044114232063,
        0.5516402736306191,
        0.5156791523098946,
        0.4684658631682396,
        0.42301122918725015,
        0.3828936167061329,
        0.34850207418203344,
        0.32322441488504405,
        0.2973251074552536,
        0.28732735421508554,
        0.2567118477076292,
        0.23435540627688164,
        0.24218172002583743,
        0.213939325325191,
        0.2063492503017187,
        0.2479063013568521,
        0.20929257385432712,
        0.1818568009737646,
        0.17716163028962909,
        0.16497667903313412,
        0.15646614283323285
    ],
    "train_accs": [
        0.3951878561253557,
        0.5395966880341881,
        0.5925480769230763,
        0.631365740740741,
        0.6624376780626774,
        0.6856080840455837,
        0.7080884971509969,
        0.7270299145299146,
        0.7453481125356118,
        0.7629985754985753,
        0.7777777777777778,
        0.7945601851851847,
        0.80477653133903,
        0.8219373219373206,
        0.8340233262108249,
        0.8473780270655267,
        0.8580172720797716,
        0.8702590811965816,
        0.8794293091168093,
        0.8874866452991463,
        0.8967681623931625,
        0.9015313390313392,
        0.9099670584045577,
        0.9153089387464373,
        0.9216969373219359,
        0.923165954415953,
        0.9278178418803402,
        0.9333377849002839,
        0.9381009615384606,
        0.9394141737891732
    ],
    "valid_accs": [
        0.50390625,
        0.5853515625000001,
        0.6451171875000001,
        0.6677734374999998,
        0.7044921874999999,
        0.7156249999999998,
        0.7541015625,
        0.7693359374999998,
        0.776953125,
        0.8083984374999997,
        0.8076171874999998,
        0.8166015625,
        0.8416015624999998,
        0.85859375,
        0.8681640624999997,
        0.8810546875,
        0.8916015625000001,
        0.9025390625000002,
        0.9050781250000001,
        0.9169921875,
        0.9289062499999999,
        0.9289062500000002,
        0.9318359374999998,
        0.9367187500000002,
        0.91953125,
        0.9376953125,
        0.9443359374999998,
        0.948828125,
        0.9537109374999999,
        0.960546875
    ],
    "test_loss": 1.0589220139044748,
    "test_acc": 0.7372428797468356
}