{
    "train_losses": [
        1.3698639103829695,
        0.8855851509971832,
        0.6971877715696295,
        0.5829428558336024,
        0.5136595878675791,
        0.4546921841184641,
        0.41464808460144537,
        0.37731218142726897,
        0.35150108590424917,
        0.32900101145957594,
        0.30430953671619787,
        0.28042037772317213,
        0.2625870076552074,
        0.24366134146170085,
        0.2384066607622678,
        0.21606990533676565,
        0.2091274337466288,
        0.19459416186622752,
        0.18731234742705313,
        0.17225838631943424,
        0.16473432609073793,
        0.16134437697905088,
        0.15825396264635258,
        0.14625108044626367,
        0.145775452266816,
        0.13254563095435462,
        0.1238413236164979,
        0.13204315565844893,
        0.12667940687547385,
        0.12407447296881952
    ],
    "valid_losses": [
        1.1309245988726613,
        0.821191394329071,
        0.8351446777582169,
        0.6854832068085671,
        0.4789951302111149,
        0.4190205924212931,
        0.4764525450766086,
        0.388565495982766,
        0.3586882427334785,
        0.2649729676544666,
        0.2720803391188383,
        0.4250976562499999,
        0.25913754999637606,
        0.3396661322563887,
        0.23165352232754233,
        0.19389755446463824,
        0.18854391165077683,
        0.17310834471136335,
        0.17784052435308695,
        0.4066531561315061,
        0.25433083423413344,
        0.17275324668735267,
        0.14992310386151075,
        0.14263454210013152,
        0.1448349567130208,
        0.1272419771179557,
        0.13384965881705282,
        0.1642670360393822,
        0.1592356974259019,
        0.12319960127351805
    ],
    "train_accs": [
        0.5010016025641028,
        0.687989672364672,
        0.7565660612535607,
        0.7970530626780616,
        0.8214699074074062,
        0.8404113247863241,
        0.8550569800569799,
        0.8691907051282062,
        0.8763799857549865,
        0.886262464387465,
        0.8937633547008543,
        0.9018652065527064,
        0.9084757834757821,
        0.916065705128203,
        0.9170450498575494,
        0.9244346509971502,
        0.9276842948717942,
        0.9311342592592586,
        0.935585826210825,
        0.9391470797720781,
        0.9422409188034191,
        0.9454015313390315,
        0.945067663817664,
        0.9496305199430208,
        0.9505876068376083,
        0.9546607905982916,
        0.9582888176638199,
        0.9544159544159561,
        0.956374643874646,
        0.9569533475783499
    ],
    "valid_accs": [
        0.5951171875000001,
        0.7123046875000001,
        0.7146484375,
        0.771875,
        0.8357421875000002,
        0.8583984375000001,
        0.8318359374999998,
        0.8658203125,
        0.8740234375,
        0.9144531250000001,
        0.9103515624999997,
        0.8562500000000002,
        0.9126953125,
        0.8818359374999999,
        0.91875,
        0.9343750000000002,
        0.9316406249999999,
        0.94296875,
        0.9435546874999999,
        0.8595703124999998,
        0.9132812500000003,
        0.9390624999999999,
        0.9486328124999999,
        0.9501953124999998,
        0.9505859375000003,
        0.9605468749999999,
        0.9576171874999999,
        0.953125,
        0.9431640625,
        0.9603515625
    ],
    "test_loss": 0.39335816155506076,
    "test_acc": 0.8802412974683538
}