{
    "train_losses": [
        1.59056757488142,
        1.2227207038477286,
        1.0673863673821482,
        0.9666666777385259,
        0.8902156926967479,
        0.8265206530223209,
        0.7667353297570492,
        0.720503978070371,
        0.677208404001008,
        0.6341182035937947,
        0.5930588315864574,
        0.5570061399556296,
        0.5190531995221758,
        0.48049120787541777,
        0.43761973902370827,
        0.40158312379295014,
        0.37333310049483565,
        0.33518435065223284,
        0.30604451419281475,
        0.27773866660234947,
        0.2519851529020871,
        0.23473695175260564,
        0.21311099385773682,
        0.19976370826236195,
        0.18306460842872274,
        0.16750121668533038,
        0.16205996006430043,
        0.14354832617942773,
        0.14699117406311216,
        0.12961057774149465
    ],
    "valid_losses": [
        1.3177850663661956,
        1.1008550748229025,
        0.9986695647239685,
        0.8782955825328828,
        0.8843006238341333,
        0.8059065461158751,
        0.7303763478994367,
        0.669857856631279,
        0.637188395857811,
        0.5940837830305099,
        0.5329302720725536,
        0.4984251067042352,
        0.4734350807964803,
        0.4290427394211292,
        0.3806643977761269,
        0.3661802306771279,
        0.3120447274297477,
        0.3303615685552359,
        0.30074929930269717,
        0.27705284394323826,
        0.23263729922473433,
        0.2310401747003198,
        0.19616048000752928,
        0.21852249531075357,
        0.196317803603597,
        0.21573120038956406,
        0.17683613132685427,
        0.15450892911758277,
        0.17804569378495216,
        0.1780174387618899
    ],
    "train_accs": [
        0.4206508190883191,
        0.5614761396011396,
        0.6197471509971508,
        0.6561832264957266,
        0.6860532407407403,
        0.7081330128205128,
        0.7293892450142445,
        0.7461939102564097,
        0.7594818376068371,
        0.7759526353276346,
        0.7892628205128197,
        0.8013488247863242,
        0.8157941595441586,
        0.8295717592592585,
        0.844484508547008,
        0.8550792378917373,
        0.8672765313390312,
        0.8807425213675214,
        0.8897569444444446,
        0.9012197293447295,
        0.9105902777777763,
        0.9157095797720787,
        0.9236778846153826,
        0.9297320156695148,
        0.935340990028488,
        0.9408609330484321,
        0.9426860754985752,
        0.9498530982905988,
        0.9486289173789181,
        0.9548165954415971
    ],
    "valid_accs": [
        0.522265625,
        0.6099609375000001,
        0.6494140625,
        0.6904296874999999,
        0.691796875,
        0.7195312500000001,
        0.7455078124999999,
        0.7714843750000002,
        0.7787109375,
        0.793359375,
        0.8173828125,
        0.8306640624999999,
        0.8328124999999998,
        0.8439453124999999,
        0.8644531250000003,
        0.8685546874999999,
        0.88828125,
        0.8880859374999999,
        0.8951171874999999,
        0.9048828125,
        0.9259765625000002,
        0.9253906250000001,
        0.9388671874999999,
        0.9279296874999998,
        0.9388671874999999,
        0.9343750000000002,
        0.9476562500000002,
        0.9544921875000001,
        0.9488281250000001,
        0.9519531249999998
    ],
    "test_loss": 0.99359352000152,
    "test_acc": 0.7594936708860762
}