{
    "train_losses": [
        1.924487560902566,
        1.7157810107934859,
        1.6302738352718513,
        1.5709345337332483,
        1.5343002692247047,
        1.4970953090917702,
        1.471897890425136,
        1.4462175983988672,
        1.427083657677698,
        1.4013131670123153,
        1.3848989702697487,
        1.3708681829294935,
        1.3515971168833236,
        1.331712572662919,
        1.3177854254035195,
        1.3068913547401744,
        1.2969455226534108,
        1.2767404124268098,
        1.2641397639896788,
        1.25495068571846,
        1.2420603458018724,
        1.2281339222888994,
        1.225394627137741,
        1.2179941762546531,
        1.1967957751703395,
        1.1900570390910512,
        1.1812671660697691,
        1.173476424991575,
        1.1709266934978995,
        1.1559209185108497
    ],
    "valid_losses": [
        1.7811365783214566,
        1.6464075535535811,
        1.5752175390720367,
        1.507981118559838,
        1.4865266442298883,
        1.453042599558831,
        1.4477887719869613,
        1.393019768595695,
        1.3945270657539368,
        1.3567249417304992,
        1.3565995126962662,
        1.3265002846717833,
        1.309400978684426,
        1.290224570035934,
        1.2758210718631744,
        1.2799771934747697,
        1.2694574147462845,
        1.2294569909572601,
        1.2379028111696242,
        1.2284543007612228,
        1.1946495980024339,
        1.1840638786554338,
        1.1854448691010477,
        1.1781794667243957,
        1.1665762707591056,
        1.159377658367157,
        1.1213363766670228,
        1.1219920143485065,
        1.1319676354527473,
        1.0912548080086706
    ],
    "train_accs": [
        0.30896100427350415,
        0.38606214387464344,
        0.41762375356125275,
        0.44008190883190873,
        0.45296919515669504,
        0.46957353988604006,
        0.47440349002849014,
        0.48617788461538464,
        0.49269943019943035,
        0.5010683760683764,
        0.5061876780626787,
        0.5134437321937325,
        0.5188523860398858,
        0.5253516737891736,
        0.5269319800569799,
        0.5335648148148148,
        0.5377938034188038,
        0.5454950142450145,
        0.5503027065527065,
        0.551860754985755,
        0.5575587606837604,
        0.5633903133903134,
        0.56332353988604,
        0.5660389957264956,
        0.5736289173789173,
        0.5744301994301997,
        0.5805956196581199,
        0.5814191595441595,
        0.583956552706553,
        0.5884303774928776
    ],
    "valid_accs": [
        0.3658203125000001,
        0.42460937500000007,
        0.4300781249999999,
        0.4720703125000001,
        0.48066406250000004,
        0.4923828125000001,
        0.48769531250000014,
        0.5140625,
        0.5121093750000002,
        0.5203125000000002,
        0.5263671875000001,
        0.5250000000000001,
        0.5396484375,
        0.5460937499999999,
        0.5462890625000001,
        0.5427734375,
        0.5474609374999999,
        0.5701171874999998,
        0.5546874999999999,
        0.555859375,
        0.5826171875,
        0.5863281249999999,
        0.5826171874999999,
        0.5802734374999999,
        0.5804687499999998,
        0.587890625,
        0.6023437500000001,
        0.5992187500000001,
        0.594140625,
        0.6220703124999999
    ],
    "test_loss": 1.3264660654188716,
    "test_acc": 0.5283821202531644
}