{
    "train_losses": [
        1.6103466851079564,
        1.2545298397371245,
        1.1043399653883066,
        1.0060990870508373,
        0.9330209310238178,
        0.8740593043827265,
        0.8112273566064001,
        0.7766715334011959,
        0.7361716050707711,
        0.7012882302289676,
        0.668730428161105,
        0.6383735156297006,
        0.6099250623982851,
        0.5797275118848207,
        0.5447652800130713,
        0.522606354832989,
        0.4915392333455916,
        0.462380291899385,
        0.43843593217029203,
        0.4093453001517514,
        0.3949973057223183,
        0.36672856520723385,
        0.34319849206171815,
        0.32131610704623065,
        0.30682883023196805,
        0.28704374877900474,
        0.27307889398261687,
        0.25591796509221065,
        0.23511424333791098,
        0.22885650935505866
    ],
    "valid_losses": [
        1.3381735980510707,
        1.111758580803871,
        1.0376602679491047,
        0.9462280690670013,
        0.9228545024991036,
        0.8318907901644709,
        0.7940176144242285,
        0.7454007282853126,
        0.7058932483196256,
        0.6774255305528639,
        0.6087501421570779,
        0.5726073674857618,
        0.5707025364041328,
        0.5158848151564599,
        0.45517507791519163,
        0.45200934037566176,
        0.41842186227440836,
        0.4187308363616466,
        0.39819049276411533,
        0.3458950914442539,
        0.3322597838938236,
        0.32094337083399294,
        0.29523841664195055,
        0.27949048243463037,
        0.2329117400571704,
        0.257474085316062,
        0.2724934935569762,
        0.20154459197074176,
        0.20164410355500872,
        0.22031152058625594
    ],
    "train_accs": [
        0.4120370370370368,
        0.5498352920227924,
        0.6046785968660973,
        0.643273682336182,
        0.6692708333333328,
        0.6930867165242157,
        0.7103810541310532,
        0.7260728276353272,
        0.7375356125356117,
        0.7493322649572647,
        0.7630653490028482,
        0.7718126780626776,
        0.7822738603988603,
        0.7944043803418795,
        0.805177172364671,
        0.8138577279202268,
        0.8226495726495713,
        0.8370949074074058,
        0.842948717948717,
        0.8531205484330477,
        0.8582621082621076,
        0.867610398860399,
        0.8782941595441599,
        0.8849269943019951,
        0.8889779202279202,
        0.8975249287749294,
        0.9007300569800566,
        0.9078525641025639,
        0.9162882834757818,
        0.9184918091168074
    ],
    "valid_accs": [
        0.5148437499999998,
        0.6029296875000001,
        0.6308593750000001,
        0.6597656250000001,
        0.678515625,
        0.71640625,
        0.7199218749999999,
        0.7384765624999999,
        0.7519531250000001,
        0.7619140625000003,
        0.7888671875,
        0.7966796874999997,
        0.7960937499999998,
        0.8111328125000004,
        0.8417968749999999,
        0.8431640625,
        0.8503906250000004,
        0.8558593750000001,
        0.8548828124999999,
        0.8833984375,
        0.8873046875,
        0.8871093749999999,
        0.89296875,
        0.9033203125000001,
        0.9195312500000001,
        0.91015625,
        0.9091796875000001,
        0.9357421874999999,
        0.9376953125,
        0.9298828125
    ],
    "test_loss": 0.8907041617586645,
    "test_acc": 0.7578125000000001
}