{
    "train_losses": [
        1.6207627598037064,
        1.2537739334622677,
        1.1007896845157326,
        0.9795179569143855,
        0.8963028262143796,
        0.8276889989858337,
        0.7738724238852156,
        0.7160016145461642,
        0.6670184511574587,
        0.6228884203821169,
        0.5785908384880116,
        0.5363729495947859,
        0.4920691204206896,
        0.44976718103953567,
        0.40975580264700096,
        0.36726300401395556,
        0.33766027936908266,
        0.293744517506188,
        0.2646662898552724,
        0.23196356807254323,
        0.21832286296916475,
        0.19145735230116426,
        0.1752031809753843,
        0.1699977257312873,
        0.1476958366561988,
        0.13972059984365076,
        0.12827837595615296,
        0.12755530285105077,
        0.118805126597484,
        0.10962080193465928
    ],
    "valid_losses": [
        1.3599585175514224,
        1.1628887012600897,
        1.0251869067549706,
        0.9419319555163382,
        0.8847134456038478,
        0.8175906315445899,
        0.7076193481683731,
        0.6620796620845795,
        0.5907293766736984,
        0.6211093015968798,
        0.5899010114371777,
        0.4944046124815942,
        0.47416120991110805,
        0.3708438068628311,
        0.3553249806165696,
        0.3539311740547419,
        0.3290877953171729,
        0.25302613605745133,
        0.2558613166213035,
        0.23355314694345003,
        0.23021244183182718,
        0.21251543592661623,
        0.19663942959159614,
        0.21149746226146812,
        0.184724819555413,
        0.16821932888124141,
        0.20453405324369667,
        0.1633456589654088,
        0.18372185677289965,
        0.16920256600133152
    ],
    "train_accs": [
        0.4049367877492874,
        0.549123041310541,
        0.6071714743589741,
        0.657652243589743,
        0.6836493945868944,
        0.708021723646723,
        0.7266070156695155,
        0.7470842236467233,
        0.7659588675213673,
        0.7785345441595442,
        0.7934695512820502,
        0.8090055199430188,
        0.8253427706552698,
        0.8421474358974346,
        0.8548789173789174,
        0.868678774928775,
        0.8790064102564104,
        0.8938078703703712,
        0.9051148504273513,
        0.9174011752136744,
        0.9237446581196563,
        0.9320913461538449,
        0.9389022435897426,
        0.939814814814814,
        0.9468705484330484,
        0.9510995370370383,
        0.9548388532763546,
        0.9553062678062695,
        0.9583555911680938,
        0.9624955484330517
    ],
    "valid_accs": [
        0.5158203125,
        0.5781249999999999,
        0.642578125,
        0.6578125000000001,
        0.6892578125000001,
        0.7152343750000001,
        0.7650390625000001,
        0.767578125,
        0.7904296875000002,
        0.7792968750000001,
        0.7874999999999999,
        0.8267578124999999,
        0.8412109374999999,
        0.8689453125000001,
        0.8744140624999998,
        0.8779296875,
        0.8900390625,
        0.91875,
        0.9181640625000003,
        0.9259765625000002,
        0.9234374999999998,
        0.9351562499999999,
        0.9337890624999999,
        0.9312500000000001,
        0.9468749999999999,
        0.9525390625,
        0.9417968749999999,
        0.9529296875000001,
        0.9501953125000001,
        0.9513671875
    ],
    "test_loss": 1.010584188413016,
    "test_acc": 0.7690862341772151
}