{
    "train_losses": [
        1.6751459711297618,
        1.2767047484715768,
        1.1263404396864085,
        1.0127525159776036,
        0.9229098743522948,
        0.8610424813721593,
        0.8075345834435897,
        0.7533472598108464,
        0.7028029865858564,
        0.65566812884434,
        0.6096468430299026,
        0.5695335718980883,
        0.5323067431436304,
        0.4821754465585416,
        0.4404026930488415,
        0.39239512918851355,
        0.34718083278236184,
        0.31186230310857144,
        0.27593040020547344,
        0.24697370364455418,
        0.21265196587964708,
        0.19149179132575675,
        0.17289238858256925,
        0.15414939254012885,
        0.1406882470553249,
        0.1340636039030689,
        0.1258449267776434,
        0.11206048963713514,
        0.10822902690417588,
        0.10325430811215672
    ],
    "valid_losses": [
        1.361273232102394,
        1.1641052275896075,
        1.0276892289519313,
        0.9743074908852579,
        0.8817242056131362,
        0.8094361662864684,
        0.7295437902212143,
        0.6831500925123694,
        0.6405952289700508,
        0.5757830440998076,
        0.5513126417994499,
        0.4807064980268479,
        0.44908557832241053,
        0.45363218709826475,
        0.38201227411627775,
        0.3368324499577284,
        0.31456984691321843,
        0.2725308857858181,
        0.24965789839625363,
        0.20272125657647852,
        0.2101073276251555,
        0.20940205715596674,
        0.18432211121544242,
        0.16800155295059085,
        0.15475133070722222,
        0.1746508396230638,
        0.14723043025005608,
        0.1869256078265607,
        0.14647704393137248,
        0.15116507224738593
    ],
    "train_accs": [
        0.4001068376068377,
        0.5412882834757832,
        0.5974448005698001,
        0.6430733618233619,
        0.6749465811965815,
        0.6930867165242158,
        0.7166132478632475,
        0.7336627492877484,
        0.7537393162393152,
        0.7684517450142448,
        0.78247418091168,
        0.7977653133903125,
        0.8105858262108261,
        0.8272346866096849,
        0.8433493589743573,
        0.8601762820512817,
        0.8740206552706558,
        0.8892672720797724,
        0.9004852207977201,
        0.9123486467236464,
        0.9247685185185165,
        0.9320245726495716,
        0.9404825498575494,
        0.9447115384615385,
        0.9497640669515676,
        0.9522569444444456,
        0.9572426994302013,
        0.9603587962962992,
        0.9616497507122536,
        0.9632968304843336
    ],
    "valid_accs": [
        0.4966796875,
        0.5876953125,
        0.6375,
        0.6619140625000003,
        0.6921875,
        0.717578125,
        0.75,
        0.7656249999999998,
        0.7787109375000002,
        0.8000000000000002,
        0.8111328125,
        0.8382812499999999,
        0.8501953125000002,
        0.8398437500000001,
        0.871875,
        0.882421875,
        0.8912109375,
        0.9039062499999999,
        0.9169921875,
        0.93828125,
        0.936328125,
        0.9335937500000003,
        0.9451171875000001,
        0.9484375,
        0.95234375,
        0.9457031250000002,
        0.9574218750000002,
        0.9447265625000001,
        0.9589843750000001,
        0.9568359374999997
    ],
    "test_loss": 1.0032615797429145,
    "test_acc": 0.7664161392405063
}