{
    "train_losses": [
        1.470115384484966,
        0.9824479949100734,
        0.7582520604812862,
        0.6307553557249214,
        0.5454194831882103,
        0.47829563639782086,
        0.4315419306187887,
        0.390295325818225,
        0.35589069798801043,
        0.3245853940476041,
        0.30062425170528934,
        0.2738129586151184,
        0.2538616151424217,
        0.22789417101107437,
        0.21815953155358636,
        0.19477896292579835,
        0.1779093135923061,
        0.1659100680821641,
        0.15297439255011383,
        0.13560586741082692,
        0.1332958150134976,
        0.1266112378732092,
        0.11376261064766827,
        0.10901892963170667,
        0.10716705995895753,
        0.09316663777301797,
        0.08578504168791988,
        0.07926893138732667,
        0.08179892562435907,
        0.07549701257478816
    ],
    "valid_losses": [
        1.1338930949568748,
        1.0451370164752003,
        0.8788418620824813,
        0.7447217941284179,
        0.4738631397485733,
        0.5086243644356727,
        0.46390719562768934,
        0.35955466330051417,
        0.29979652483016256,
        0.2655542403459548,
        0.28476781100034726,
        0.31248941570520394,
        0.18840687014162544,
        0.22789681516587737,
        0.17007911670953033,
        0.16044765319675205,
        0.15054200850427157,
        0.14130405047908426,
        0.14216914921998983,
        0.1801597261801362,
        0.13462767181918023,
        0.10686572901904583,
        0.11229333160445097,
        0.0868270333856344,
        0.09353481123689562,
        0.09925541882403195,
        0.10115843410603705,
        0.09255980907473714,
        0.061827116663334895,
        0.1061514003202319
    ],
    "train_accs": [
        0.4612491096866096,
        0.6481926638176643,
        0.7327279202279194,
        0.7797364672364665,
        0.8103409900284887,
        0.8324207621082611,
        0.8501157407407405,
        0.8640268874643874,
        0.8756454772079778,
        0.8878427706552707,
        0.894987535612535,
        0.9041132478632461,
        0.909188034188034,
        0.9201611467236455,
        0.9236556267806246,
        0.9326255341880333,
        0.9371216168091167,
        0.9418847934472928,
        0.9472266737891741,
        0.9525240384615393,
        0.953392094017096,
        0.9551949786324803,
        0.9606258903133934,
        0.9621839387464421,
        0.9626068376068408,
        0.9676816239316274,
        0.9693287037037086,
        0.9726896367521416,
        0.970686431623936,
        0.9728454415954458
    ],
    "valid_accs": [
        0.5802734375000002,
        0.6490234375000001,
        0.701171875,
        0.746875,
        0.8369140624999999,
        0.8300781249999999,
        0.8398437499999998,
        0.8769531249999999,
        0.9009765625000001,
        0.9124999999999998,
        0.8978515625,
        0.8888671874999998,
        0.9316406250000001,
        0.9197265624999998,
        0.9371093750000001,
        0.9437499999999998,
        0.9509765624999998,
        0.9486328125,
        0.94609375,
        0.9320312500000002,
        0.9556640625,
        0.9667968749999999,
        0.9609375000000001,
        0.9726562500000001,
        0.9703125,
        0.9691406250000001,
        0.9660156249999999,
        0.9701171874999998,
        0.9802734375,
        0.9648437500000001
    ],
    "test_loss": 0.485330714643756,
    "test_acc": 0.8819224683544299
}