{
    "train_losses": [
        1.540096066955827,
        1.1851333595409013,
        1.0430627945821167,
        0.9448349372274173,
        0.8758508661533687,
        0.8193545781309448,
        0.7702689678580671,
        0.7261628876214691,
        0.6877864880269752,
        0.6533636112838048,
        0.6278960967165786,
        0.5948328974410002,
        0.5638024949619918,
        0.5348932353349837,
        0.5096108563605196,
        0.48392861937185977,
        0.4582369188722384,
        0.43487523305110437,
        0.41281222876829976,
        0.38571591114896003,
        0.3695021495435312,
        0.3526590337865373,
        0.3333974770586036,
        0.3159448751527018,
        0.2903148936070608,
        0.27872393447958854,
        0.2674120805329746,
        0.2507225124966723,
        0.23457649547574863,
        0.2222875818992274
    ],
    "valid_losses": [
        1.2488197028636931,
        1.0866358041763307,
        0.9284276545047758,
        0.881082910299301,
        0.849552671611309,
        0.756802822649479,
        0.7563488930463792,
        0.6716789275407792,
        0.6256226800382139,
        0.5982558511197567,
        0.607153172045946,
        0.5479929760098458,
        0.5194308668375015,
        0.46664038896560656,
        0.44309033751487736,
        0.4636443085968494,
        0.4224999029189349,
        0.39369439631700526,
        0.37185541987419135,
        0.3511482074856758,
        0.3278797589242457,
        0.33649170435965065,
        0.32803599834442143,
        0.2814156144857407,
        0.28631314262747753,
        0.28505730368196963,
        0.2737358876038342,
        0.2616728845983744,
        0.2695825286209583,
        0.23935665804892775
    ],
    "train_accs": [
        0.4349848646723648,
        0.5756098646723647,
        0.6286725427350432,
        0.6635728276353272,
        0.6901041666666664,
        0.7110265313390305,
        0.727764423076922,
        0.742922008547008,
        0.755408653846153,
        0.7699207621082627,
        0.7786013176638172,
        0.7886396011396007,
        0.8011930199430193,
        0.8112090455840443,
        0.8181089743589726,
        0.8279469373219366,
        0.8374287749287744,
        0.8451522435897431,
        0.8521189458689455,
        0.8620681980056976,
        0.8686787749287749,
        0.8745325854700856,
        0.8791844729344734,
        0.8876424501424515,
        0.8963897792022786,
        0.9013310185185186,
        0.9037126068376071,
        0.9098780270655259,
        0.9150195868945862,
        0.9208066239316228
    ],
    "valid_accs": [
        0.5591796875,
        0.6095703124999999,
        0.6691406249999999,
        0.6849609374999998,
        0.7009765625,
        0.7337890625,
        0.7390625000000001,
        0.7701171875000002,
        0.7769531250000001,
        0.7898437500000001,
        0.7900390625,
        0.8076171874999999,
        0.8189453125000001,
        0.8308593750000002,
        0.8470703125000001,
        0.83359375,
        0.8531249999999999,
        0.8574218749999998,
        0.8730468750000001,
        0.8767578125000001,
        0.8876953124999998,
        0.886328125,
        0.8904296875000002,
        0.9009765624999999,
        0.902734375,
        0.9015625000000002,
        0.909765625,
        0.9132812499999998,
        0.9134765625,
        0.9201171875
    ],
    "test_loss": 0.8979068851169146,
    "test_acc": 0.7569224683544302
}