{
    "train_losses": [
        2.419237658508823,
        1.7086830305577676,
        1.481448580736448,
        1.2605457645535807,
        1.11084041670177,
        0.9698096118082009,
        0.8690147221597854,
        0.7831902855481855,
        0.731800283122267,
        0.6744501834411561,
        0.6284179662876999,
        0.5814053809371091,
        0.5601111378764831,
        0.517499062410447,
        0.49630695640870987,
        0.4720853371837544,
        0.44570430506158754,
        0.4256122301616559,
        0.40688793611662327,
        0.3821905453999838,
        0.36294866584644714,
        0.3482248953774447,
        0.331931009506568,
        0.3227380843159141,
        0.3094870157306349,
        0.2968435741727508,
        0.2838320590322174,
        0.2689364227728964,
        0.2594949937613942,
        0.2565211556491009
    ],
    "valid_losses": [
        1.8604502737522124,
        1.582256278395653,
        1.3617116749286649,
        1.3295786470174789,
        1.20084131360054,
        0.9738562434911727,
        1.04894999563694,
        0.8718112736940384,
        0.6982002452015876,
        0.6252131588757038,
        0.9451351277530193,
        0.6702198646962644,
        0.5553253665566444,
        0.49312706589698785,
        0.47406846880912784,
        0.523406732082367,
        0.4260678142309189,
        0.44447743967175474,
        0.47552977651357653,
        0.40537020713090893,
        0.4105214808136225,
        0.37645523063838476,
        0.28649747483432286,
        0.2888284482061863,
        0.2955972421914339,
        0.28277972042560584,
        0.31403597705066205,
        0.2353660434484482,
        0.23855327330529694,
        0.21249076800886538
    ],
    "train_accs": [
        0.18514066951566918,
        0.3436832264957264,
        0.4495637464387462,
        0.538461538461538,
        0.60022702991453,
        0.6543580840455836,
        0.6927305911680909,
        0.7265624999999994,
        0.7472622863247861,
        0.767405626780626,
        0.7838986823361818,
        0.7991230413105401,
        0.8082932692307683,
        0.8214253917378901,
        0.8293936965811952,
        0.838786502849002,
        0.8467770655270646,
        0.8558360042735044,
        0.861778846153846,
        0.8691461894586889,
        0.8751558048433051,
        0.8823450854700858,
        0.8853276353276363,
        0.8884882478632484,
        0.893585292022792,
        0.8985487891737884,
        0.9038016381766377,
        0.9089431980056978,
        0.9107015669515645,
        0.9120592948717937
    ],
    "valid_accs": [
        0.29589843750000006,
        0.398046875,
        0.493359375,
        0.546484375,
        0.5998046874999999,
        0.6585937500000002,
        0.6664062500000001,
        0.7111328124999999,
        0.7611328125000001,
        0.7820312500000002,
        0.7072265625,
        0.7730468750000002,
        0.8130859374999999,
        0.831640625,
        0.8375,
        0.8339843749999999,
        0.8562500000000002,
        0.8498046875,
        0.843359375,
        0.859375,
        0.8576171875,
        0.8679687500000001,
        0.9019531249999999,
        0.9005859375000002,
        0.9044921875000002,
        0.9080078125,
        0.887890625,
        0.9181640625000002,
        0.9212890625,
        0.9251953125
    ],
    "test_loss": 0.5111910361277908,
    "test_acc": 0.8472112341772149
}